파일명,지역,서비스,상태
bucheon-drain.html,부천,하수구막힘,PASS
bucheon-sink.html,부천,싱크대막힘,PASS
bucheon-toilet.html,부천,변기막힘,PASS
cheoin-drain.html,처인구,하수구막힘,PASS
cheoin-sink.html,처인구,싱크대막힘,PASS
cheoin-toilet.html,처인구,변기막힘,PASS
cheongwon-drain.html,청원구,하수구막힘,PASS
cheongwon-sink.html,청원구,싱크대막힘,PASS
cheongwon-toilet.html,청원구,변기막힘,PASS
daedeok-drain.html,대덕구,하수구막힘,PASS
daedeok-sink.html,대덕구,싱크대막힘,PASS
daedeok-toilet.html,대덕구,변기막힘,PASS
dalseo-drain.html,달서구,하수구막힘,PASS
dalseo-sink.html,달서구,싱크대막힘,PASS
dalseo-toilet.html,달서구,변기막힘,PASS
danwon-drain.html,단원구,하수구막힘,PASS
danwon-sink.html,단원구,싱크대막힘,PASS
danwon-toilet.html,단원구,변기막힘,PASS
deogyang-drain.html,덕양구,하수구막힘,PASS
deogyang-sink.html,덕양구,싱크대막힘,PASS
deogyang-toilet.html,덕양구,변기막힘,PASS
deokjin-drain.html,덕진구,하수구막힘,PASS
deokjin-sink.html,덕진구,싱크대막힘,PASS
deokjin-toilet.html,덕진구,변기막힘,PASS
dobong-drain.html,도봉구,하수구막힘,PASS
dobong-sink.html,도봉구,싱크대막힘,PASS
dobong-toilet.html,도봉구,변기막힘,PASS
dongan-drain.html,동안구,하수구막힘,PASS
dongan-sink.html,동안구,싱크대막힘,PASS
dongan-toilet.html,동안구,변기막힘,PASS
dongdaemun-drain.html,동대문구,하수구막힘,PASS
dongdaemun-sink.html,동대문구,싱크대막힘,PASS
dongdaemun-toilet.html,동대문구,변기막힘,PASS
dongjak-drain.html,동작구,하수구막힘,PASS
dongjak-sink.html,동작구,싱크대막힘,PASS
dongjak-toilet.html,동작구,변기막힘,PASS
dongnae-drain.html,동래구,하수구막힘,PASS
dongnae-sink.html,동래구,싱크대막힘,PASS
dongnae-toilet.html,동래구,변기막힘,PASS
dongnam-drain.html,동남구,하수구막힘,PASS
dongnam-sink.html,동남구,싱크대막힘,PASS
dongnam-toilet.html,동남구,변기막힘,PASS
eunpyeong-drain.html,은평구,하수구막힘,PASS
eunpyeong-sink.html,은평구,싱크대막힘,PASS
eunpyeong-toilet.html,은평구,변기막힘,PASS
gangbuk-drain.html,강북구,하수구막힘,PASS
gangbuk-sink.html,강북구,싱크대막힘,PASS
gangbuk-toilet.html,강북구,변기막힘,PASS
gangdong-drain.html,강동구,하수구막힘,PASS
gangdong-sink.html,강동구,싱크대막힘,PASS
gangdong-toilet.html,강동구,변기막힘,PASS
gangnam-drain.html,강남구,하수구막힘,PASS
gangnam-sink.html,강남구,싱크대막힘,PASS
gangnam-toilet.html,강남구,변기막힘,PASS
geumcheon-drain.html,금천구,하수구막힘,PASS
geumcheon-sink.html,금천구,싱크대막힘,PASS
geumcheon-toilet.html,금천구,변기막힘,PASS
geumjeong-drain.html,금정구,하수구막힘,PASS
geumjeong-sink.html,금정구,싱크대막힘,PASS
geumjeong-toilet.html,금정구,변기막힘,PASS
giheung-drain.html,기흥구,하수구막힘,PASS
giheung-sink.html,기흥구,싱크대막힘,PASS
giheung-toilet.html,기흥구,변기막힘,PASS
gimhae-drain.html,김해,하수구막힘,PASS
gimhae-sink.html,김해,싱크대막힘,PASS
gimhae-toilet.html,김해,변기막힘,PASS
guro-drain.html,구로구,하수구막힘,PASS
guro-sink.html,구로구,싱크대막힘,PASS
guro-toilet.html,구로구,변기막힘,PASS
gwanak-drain.html,관악구,하수구막힘,PASS
gwanak-sink.html,관악구,싱크대막힘,PASS
gwanak-toilet.html,관악구,변기막힘,PASS
gwangjin-drain.html,광진구,하수구막힘,PASS
gwangjin-sink.html,광진구,싱크대막힘,PASS
gwangjin-toilet.html,광진구,변기막힘,PASS
gwangsan-drain.html,광산구,하수구막힘,PASS
gwangsan-sink.html,광산구,싱크대막힘,PASS
gwangsan-toilet.html,광산구,변기막힘,PASS
gyeyang-drain.html,계양구,하수구막힘,PASS
gyeyang-sink.html,계양구,싱크대막힘,PASS
gyeyang-toilet.html,계양구,변기막힘,PASS
haeundae-drain.html,해운대구,하수구막힘,PASS
haeundae-sink.html,해운대구,싱크대막힘,PASS
haeundae-toilet.html,해운대구,변기막힘,PASS
heungdeok-drain.html,흥덕구,하수구막힘,PASS
heungdeok-sink.html,흥덕구,싱크대막힘,PASS
heungdeok-toilet.html,흥덕구,변기막힘,PASS
jangan-drain.html,장안구,하수구막힘,PASS
jangan-sink.html,장안구,싱크대막힘,PASS
jangan-toilet.html,장안구,변기막힘,PASS
jinhae-drain.html,진해구,하수구막힘,PASS
jinhae-sink.html,진해구,싱크대막힘,PASS
jinhae-toilet.html,진해구,변기막힘,PASS
jongno-drain.html,종로구,하수구막힘,PASS
jongno-sink.html,종로구,싱크대막힘,PASS
jongno-toilet.html,종로구,변기막힘,PASS
jungnang-drain.html,중랑구,하수구막힘,PASS
jungnang-sink.html,중랑구,싱크대막힘,PASS
jungnang-toilet.html,중랑구,변기막힘,PASS
jungwon-drain.html,중원구,하수구막힘,PASS
jungwon-sink.html,중원구,싱크대막힘,PASS
jungwon-toilet.html,중원구,변기막힘,PASS
manan-drain.html,만안구,하수구막힘,PASS
manan-sink.html,만안구,싱크대막힘,PASS
manan-toilet.html,만안구,변기막힘,PASS
mapo-drain.html,마포구,하수구막힘,PASS
mapo-sink.html,마포구,싱크대막힘,PASS
mapo-toilet.html,마포구,변기막힘,PASS
masan-drain.html,마산,하수구막힘,PASS
masan-sink.html,마산,싱크대막힘,PASS
masan-toilet.html,마산,변기막힘,PASS
michuhol-drain.html,미추홀구,하수구막힘,PASS
michuhol-sink.html,미추홀구,싱크대막힘,PASS
michuhol-toilet.html,미추홀구,변기막힘,PASS
nowon-drain.html,노원구,하수구막힘,PASS
nowon-sink.html,노원구,싱크대막힘,PASS
nowon-toilet.html,노원구,변기막힘,PASS
ojeong-drain.html,오정구,하수구막힘,PASS
ojeong-sink.html,오정구,싱크대막힘,PASS
ojeong-toilet.html,오정구,변기막힘,PASS
paldal-drain.html,팔달구,하수구막힘,PASS
paldal-sink.html,팔달구,싱크대막힘,PASS
paldal-toilet.html,팔달구,변기막힘,PASS
pocheon-drain.html,포천,하수구막힘,PASS
pocheon-sink.html,포천,싱크대막힘,PASS
pocheon-toilet.html,포천,변기막힘,PASS
saha-drain.html,사하구,하수구막힘,PASS
saha-sink.html,사하구,싱크대막힘,PASS
saha-toilet.html,사하구,변기막힘,PASS
sangdang-drain.html,상당구,하수구막힘,PASS
sangdang-sink.html,상당구,싱크대막힘,PASS
sangdang-toilet.html,상당구,변기막힘,PASS
sangnok-drain.html,상록구,하수구막힘,PASS
sangnok-sink.html,상록구,싱크대막힘,PASS
sangnok-toilet.html,상록구,변기막힘,PASS
sasang-drain.html,사상구,하수구막힘,PASS
sasang-sink.html,사상구,싱크대막힘,PASS
sasang-toilet.html,사상구,변기막힘,PASS
seobuk-drain.html,서북구,하수구막힘,PASS
seobuk-sink.html,서북구,싱크대막힘,PASS
seobuk-toilet.html,서북구,변기막힘,PASS
seocho-drain.html,서초구,하수구막힘,PASS
seocho-sink.html,서초구,싱크대막힘,PASS
seocho-toilet.html,서초구,변기막힘,PASS
seodaemun-drain.html,서대문구,하수구막힘,PASS
seodaemun-sink.html,서대문구,싱크대막힘,PASS
seodaemun-toilet.html,서대문구,변기막힘,PASS
seongbuk-drain.html,성북구,하수구막힘,PASS
seongbuk-sink.html,성북구,싱크대막힘,PASS
seongbuk-toilet.html,성북구,변기막힘,PASS
seongdong-drain.html,성동구,하수구막힘,PASS
seongdong-sink.html,성동구,싱크대막힘,PASS
seongdong-toilet.html,성동구,변기막힘,PASS
seongsan-drain.html,성산구,하수구막힘,PASS
seongsan-sink.html,성산구,싱크대막힘,PASS
seongsan-toilet.html,성산구,변기막힘,PASS
seowon-drain.html,서원구,하수구막힘,PASS
seowon-sink.html,서원구,싱크대막힘,PASS
seowon-toilet.html,서원구,변기막힘,PASS
songpa-drain.html,송파구,하수구막힘,PASS
songpa-sink.html,송파구,싱크대막힘,PASS
songpa-toilet.html,송파구,변기막힘,PASS
sujeong-drain.html,수정구,하수구막힘,PASS
sujeong-sink.html,수정구,싱크대막힘,PASS
sujeong-toilet.html,수정구,변기막힘,PASS
suji-drain.html,수지구,하수구막힘,PASS
suji-sink.html,수지구,싱크대막힘,PASS
suji-toilet.html,수지구,변기막힘,PASS
uichang-drain.html,의창구,하수구막힘,PASS
uichang-sink.html,의창구,싱크대막힘,PASS
uichang-toilet.html,의창구,변기막힘,PASS
wansan-drain.html,완산구,하수구막힘,PASS
wansan-sink.html,완산구,싱크대막힘,PASS
wansan-toilet.html,완산구,변기막힘,PASS
yangcheon-drain.html,양천구,하수구막힘,PASS
yangcheon-sink.html,양천구,싱크대막힘,PASS
yangcheon-toilet.html,양천구,변기막힘,PASS
yangju-drain.html,양주,하수구막힘,PASS
yangju-sink.html,양주,싱크대막힘,PASS
yangju-toilet.html,양주,변기막힘,PASS
yeongdeungpo-drain.html,영등포구,하수구막힘,PASS
yeongdeungpo-sink.html,영등포구,싱크대막힘,PASS
yeongdeungpo-toilet.html,영등포구,변기막힘,PASS
yeongdo-drain.html,영도구,하수구막힘,PASS
yeongdo-sink.html,영도구,싱크대막힘,PASS
yeongdo-toilet.html,영도구,변기막힘,PASS
yeongtong-drain.html,영통구,하수구막힘,PASS
yeongtong-sink.html,영통구,싱크대막힘,PASS
yeongtong-toilet.html,영통구,변기막힘,PASS
yeonje-drain.html,연제구,하수구막힘,PASS
yeonje-sink.html,연제구,싱크대막힘,PASS
yeonje-toilet.html,연제구,변기막힘,PASS
yeonsu-drain.html,연수구,하수구막힘,PASS
yeonsu-sink.html,연수구,싱크대막힘,PASS
yeonsu-toilet.html,연수구,변기막힘,PASS
yongin-drain.html,용인,하수구막힘,PASS
yongin-sink.html,용인,싱크대막힘,PASS
yongin-toilet.html,용인,변기막힘,PASS
yongsan-drain.html,용산구,하수구막힘,PASS
yongsan-sink.html,용산구,싱크대막힘,PASS
yongsan-toilet.html,용산구,변기막힘,PASS
yuseong-drain.html,유성구,하수구막힘,PASS
yuseong-sink.html,유성구,싱크대막힘,PASS
yuseong-toilet.html,유성구,변기막힘,PASS
