파일명,지역,서비스,no_master_region,no_master_slug,canonical,title,description,h1,faq,breadcrumb,robots,og_url,html_closed,no_broken_internal_links,깨진링크
bucheon-drain.html,부천,하수구막힘,PASS,PASS,PASS,PASS,PASS,PASS,PASS,PASS,PASS,PASS,PASS,PASS,
bucheon-sink.html,부천,싱크대막힘,PASS,PASS,PASS,PASS,PASS,PASS,PASS,PASS,PASS,PASS,PASS,PASS,
bucheon-toilet.html,부천,변기막힘,PASS,PASS,PASS,PASS,PASS,PASS,PASS,PASS,PASS,PASS,PASS,PASS,
cheoin-drain.html,처인구,하수구막힘,PASS,PASS,PASS,PASS,PASS,PASS,PASS,PASS,PASS,PASS,PASS,PASS,
cheoin-sink.html,처인구,싱크대막힘,PASS,PASS,PASS,PASS,PASS,PASS,PASS,PASS,PASS,PASS,PASS,PASS,
cheoin-toilet.html,처인구,변기막힘,PASS,PASS,PASS,PASS,PASS,PASS,PASS,PASS,PASS,PASS,PASS,PASS,
cheongwon-drain.html,청원구,하수구막힘,PASS,PASS,PASS,PASS,PASS,PASS,PASS,PASS,PASS,PASS,PASS,PASS,
cheongwon-sink.html,청원구,싱크대막힘,PASS,PASS,PASS,PASS,PASS,PASS,PASS,PASS,PASS,PASS,PASS,PASS,
cheongwon-toilet.html,청원구,변기막힘,PASS,PASS,PASS,PASS,PASS,PASS,PASS,PASS,PASS,PASS,PASS,PASS,
daedeok-drain.html,대덕구,하수구막힘,PASS,PASS,PASS,PASS,PASS,PASS,PASS,PASS,PASS,PASS,PASS,PASS,
daedeok-sink.html,대덕구,싱크대막힘,PASS,PASS,PASS,PASS,PASS,PASS,PASS,PASS,PASS,PASS,PASS,PASS,
daedeok-toilet.html,대덕구,변기막힘,PASS,PASS,PASS,PASS,PASS,PASS,PASS,PASS,PASS,PASS,PASS,PASS,
dalseo-drain.html,달서구,하수구막힘,PASS,PASS,PASS,PASS,PASS,PASS,PASS,PASS,PASS,PASS,PASS,PASS,
dalseo-sink.html,달서구,싱크대막힘,PASS,PASS,PASS,PASS,PASS,PASS,PASS,PASS,PASS,PASS,PASS,PASS,
dalseo-toilet.html,달서구,변기막힘,PASS,PASS,PASS,PASS,PASS,PASS,PASS,PASS,PASS,PASS,PASS,PASS,
danwon-drain.html,단원구,하수구막힘,PASS,PASS,PASS,PASS,PASS,PASS,PASS,PASS,PASS,PASS,PASS,PASS,
danwon-sink.html,단원구,싱크대막힘,PASS,PASS,PASS,PASS,PASS,PASS,PASS,PASS,PASS,PASS,PASS,PASS,
danwon-toilet.html,단원구,변기막힘,PASS,PASS,PASS,PASS,PASS,PASS,PASS,PASS,PASS,PASS,PASS,PASS,
deogyang-drain.html,덕양구,하수구막힘,PASS,PASS,PASS,PASS,PASS,PASS,PASS,PASS,PASS,PASS,PASS,PASS,
deogyang-sink.html,덕양구,싱크대막힘,PASS,PASS,PASS,PASS,PASS,PASS,PASS,PASS,PASS,PASS,PASS,PASS,
deogyang-toilet.html,덕양구,변기막힘,PASS,PASS,PASS,PASS,PASS,PASS,PASS,PASS,PASS,PASS,PASS,PASS,
deokjin-drain.html,덕진구,하수구막힘,PASS,PASS,PASS,PASS,PASS,PASS,PASS,PASS,PASS,PASS,PASS,PASS,
deokjin-sink.html,덕진구,싱크대막힘,PASS,PASS,PASS,PASS,PASS,PASS,PASS,PASS,PASS,PASS,PASS,PASS,
deokjin-toilet.html,덕진구,변기막힘,PASS,PASS,PASS,PASS,PASS,PASS,PASS,PASS,PASS,PASS,PASS,PASS,
dobong-drain.html,도봉구,하수구막힘,PASS,PASS,PASS,PASS,PASS,PASS,PASS,PASS,PASS,PASS,PASS,PASS,
dobong-sink.html,도봉구,싱크대막힘,PASS,PASS,PASS,PASS,PASS,PASS,PASS,PASS,PASS,PASS,PASS,PASS,
dobong-toilet.html,도봉구,변기막힘,PASS,PASS,PASS,PASS,PASS,PASS,PASS,PASS,PASS,PASS,PASS,PASS,
dongan-drain.html,동안구,하수구막힘,PASS,PASS,PASS,PASS,PASS,PASS,PASS,PASS,PASS,PASS,PASS,PASS,
dongan-sink.html,동안구,싱크대막힘,PASS,PASS,PASS,PASS,PASS,PASS,PASS,PASS,PASS,PASS,PASS,PASS,
dongan-toilet.html,동안구,변기막힘,PASS,PASS,PASS,PASS,PASS,PASS,PASS,PASS,PASS,PASS,PASS,PASS,
dongdaemun-drain.html,동대문구,하수구막힘,PASS,PASS,PASS,PASS,PASS,PASS,PASS,PASS,PASS,PASS,PASS,PASS,
dongdaemun-sink.html,동대문구,싱크대막힘,PASS,PASS,PASS,PASS,PASS,PASS,PASS,PASS,PASS,PASS,PASS,PASS,
dongdaemun-toilet.html,동대문구,변기막힘,PASS,PASS,PASS,PASS,PASS,PASS,PASS,PASS,PASS,PASS,PASS,PASS,
dongjak-drain.html,동작구,하수구막힘,PASS,PASS,PASS,PASS,PASS,PASS,PASS,PASS,PASS,PASS,PASS,PASS,
dongjak-sink.html,동작구,싱크대막힘,PASS,PASS,PASS,PASS,PASS,PASS,PASS,PASS,PASS,PASS,PASS,PASS,
dongjak-toilet.html,동작구,변기막힘,PASS,PASS,PASS,PASS,PASS,PASS,PASS,PASS,PASS,PASS,PASS,PASS,
dongnae-drain.html,동래구,하수구막힘,PASS,PASS,PASS,PASS,PASS,PASS,PASS,PASS,PASS,PASS,PASS,PASS,
dongnae-sink.html,동래구,싱크대막힘,PASS,PASS,PASS,PASS,PASS,PASS,PASS,PASS,PASS,PASS,PASS,PASS,
dongnae-toilet.html,동래구,변기막힘,PASS,PASS,PASS,PASS,PASS,PASS,PASS,PASS,PASS,PASS,PASS,PASS,
dongnam-drain.html,동남구,하수구막힘,PASS,PASS,PASS,PASS,PASS,PASS,PASS,PASS,PASS,PASS,PASS,PASS,
dongnam-sink.html,동남구,싱크대막힘,PASS,PASS,PASS,PASS,PASS,PASS,PASS,PASS,PASS,PASS,PASS,PASS,
dongnam-toilet.html,동남구,변기막힘,PASS,PASS,PASS,PASS,PASS,PASS,PASS,PASS,PASS,PASS,PASS,PASS,
eunpyeong-drain.html,은평구,하수구막힘,PASS,PASS,PASS,PASS,PASS,PASS,PASS,PASS,PASS,PASS,PASS,PASS,
eunpyeong-sink.html,은평구,싱크대막힘,PASS,PASS,PASS,PASS,PASS,PASS,PASS,PASS,PASS,PASS,PASS,PASS,
eunpyeong-toilet.html,은평구,변기막힘,PASS,PASS,PASS,PASS,PASS,PASS,PASS,PASS,PASS,PASS,PASS,PASS,
gangbuk-drain.html,강북구,하수구막힘,PASS,PASS,PASS,PASS,PASS,PASS,PASS,PASS,PASS,PASS,PASS,PASS,
gangbuk-sink.html,강북구,싱크대막힘,PASS,PASS,PASS,PASS,PASS,PASS,PASS,PASS,PASS,PASS,PASS,PASS,
gangbuk-toilet.html,강북구,변기막힘,PASS,PASS,PASS,PASS,PASS,PASS,PASS,PASS,PASS,PASS,PASS,PASS,
gangdong-drain.html,강동구,하수구막힘,PASS,PASS,PASS,PASS,PASS,PASS,PASS,PASS,PASS,PASS,PASS,PASS,
gangdong-sink.html,강동구,싱크대막힘,PASS,PASS,PASS,PASS,PASS,PASS,PASS,PASS,PASS,PASS,PASS,PASS,
gangdong-toilet.html,강동구,변기막힘,PASS,PASS,PASS,PASS,PASS,PASS,PASS,PASS,PASS,PASS,PASS,PASS,
gangnam-drain.html,강남구,하수구막힘,PASS,PASS,PASS,PASS,PASS,PASS,PASS,PASS,PASS,PASS,PASS,PASS,
gangnam-sink.html,강남구,싱크대막힘,PASS,PASS,PASS,PASS,PASS,PASS,PASS,PASS,PASS,PASS,PASS,PASS,
gangnam-toilet.html,강남구,변기막힘,PASS,PASS,PASS,PASS,PASS,PASS,PASS,PASS,PASS,PASS,PASS,PASS,
geumcheon-drain.html,금천구,하수구막힘,PASS,PASS,PASS,PASS,PASS,PASS,PASS,PASS,PASS,PASS,PASS,PASS,
geumcheon-sink.html,금천구,싱크대막힘,PASS,PASS,PASS,PASS,PASS,PASS,PASS,PASS,PASS,PASS,PASS,PASS,
geumcheon-toilet.html,금천구,변기막힘,PASS,PASS,PASS,PASS,PASS,PASS,PASS,PASS,PASS,PASS,PASS,PASS,
geumjeong-drain.html,금정구,하수구막힘,PASS,PASS,PASS,PASS,PASS,PASS,PASS,PASS,PASS,PASS,PASS,PASS,
geumjeong-sink.html,금정구,싱크대막힘,PASS,PASS,PASS,PASS,PASS,PASS,PASS,PASS,PASS,PASS,PASS,PASS,
geumjeong-toilet.html,금정구,변기막힘,PASS,PASS,PASS,PASS,PASS,PASS,PASS,PASS,PASS,PASS,PASS,PASS,
giheung-drain.html,기흥구,하수구막힘,PASS,PASS,PASS,PASS,PASS,PASS,PASS,PASS,PASS,PASS,PASS,PASS,
giheung-sink.html,기흥구,싱크대막힘,PASS,PASS,PASS,PASS,PASS,PASS,PASS,PASS,PASS,PASS,PASS,PASS,
giheung-toilet.html,기흥구,변기막힘,PASS,PASS,PASS,PASS,PASS,PASS,PASS,PASS,PASS,PASS,PASS,PASS,
gimhae-drain.html,김해,하수구막힘,PASS,PASS,PASS,PASS,PASS,PASS,PASS,PASS,PASS,PASS,PASS,PASS,
gimhae-sink.html,김해,싱크대막힘,PASS,PASS,PASS,PASS,PASS,PASS,PASS,PASS,PASS,PASS,PASS,PASS,
gimhae-toilet.html,김해,변기막힘,PASS,PASS,PASS,PASS,PASS,PASS,PASS,PASS,PASS,PASS,PASS,PASS,
guro-drain.html,구로구,하수구막힘,PASS,PASS,PASS,PASS,PASS,PASS,PASS,PASS,PASS,PASS,PASS,PASS,
guro-sink.html,구로구,싱크대막힘,PASS,PASS,PASS,PASS,PASS,PASS,PASS,PASS,PASS,PASS,PASS,PASS,
guro-toilet.html,구로구,변기막힘,PASS,PASS,PASS,PASS,PASS,PASS,PASS,PASS,PASS,PASS,PASS,PASS,
gwanak-drain.html,관악구,하수구막힘,PASS,PASS,PASS,PASS,PASS,PASS,PASS,PASS,PASS,PASS,PASS,PASS,
gwanak-sink.html,관악구,싱크대막힘,PASS,PASS,PASS,PASS,PASS,PASS,PASS,PASS,PASS,PASS,PASS,PASS,
gwanak-toilet.html,관악구,변기막힘,PASS,PASS,PASS,PASS,PASS,PASS,PASS,PASS,PASS,PASS,PASS,PASS,
gwangjin-drain.html,광진구,하수구막힘,PASS,PASS,PASS,PASS,PASS,PASS,PASS,PASS,PASS,PASS,PASS,PASS,
gwangjin-sink.html,광진구,싱크대막힘,PASS,PASS,PASS,PASS,PASS,PASS,PASS,PASS,PASS,PASS,PASS,PASS,
gwangjin-toilet.html,광진구,변기막힘,PASS,PASS,PASS,PASS,PASS,PASS,PASS,PASS,PASS,PASS,PASS,PASS,
gwangsan-drain.html,광산구,하수구막힘,PASS,PASS,PASS,PASS,PASS,PASS,PASS,PASS,PASS,PASS,PASS,PASS,
gwangsan-sink.html,광산구,싱크대막힘,PASS,PASS,PASS,PASS,PASS,PASS,PASS,PASS,PASS,PASS,PASS,PASS,
gwangsan-toilet.html,광산구,변기막힘,PASS,PASS,PASS,PASS,PASS,PASS,PASS,PASS,PASS,PASS,PASS,PASS,
gyeyang-drain.html,계양구,하수구막힘,PASS,PASS,PASS,PASS,PASS,PASS,PASS,PASS,PASS,PASS,PASS,PASS,
gyeyang-sink.html,계양구,싱크대막힘,PASS,PASS,PASS,PASS,PASS,PASS,PASS,PASS,PASS,PASS,PASS,PASS,
gyeyang-toilet.html,계양구,변기막힘,PASS,PASS,PASS,PASS,PASS,PASS,PASS,PASS,PASS,PASS,PASS,PASS,
haeundae-drain.html,해운대구,하수구막힘,PASS,PASS,PASS,PASS,PASS,PASS,PASS,PASS,PASS,PASS,PASS,PASS,
haeundae-sink.html,해운대구,싱크대막힘,PASS,PASS,PASS,PASS,PASS,PASS,PASS,PASS,PASS,PASS,PASS,PASS,
haeundae-toilet.html,해운대구,변기막힘,PASS,PASS,PASS,PASS,PASS,PASS,PASS,PASS,PASS,PASS,PASS,PASS,
heungdeok-drain.html,흥덕구,하수구막힘,PASS,PASS,PASS,PASS,PASS,PASS,PASS,PASS,PASS,PASS,PASS,PASS,
heungdeok-sink.html,흥덕구,싱크대막힘,PASS,PASS,PASS,PASS,PASS,PASS,PASS,PASS,PASS,PASS,PASS,PASS,
heungdeok-toilet.html,흥덕구,변기막힘,PASS,PASS,PASS,PASS,PASS,PASS,PASS,PASS,PASS,PASS,PASS,PASS,
jangan-drain.html,장안구,하수구막힘,PASS,PASS,PASS,PASS,PASS,PASS,PASS,PASS,PASS,PASS,PASS,PASS,
jangan-sink.html,장안구,싱크대막힘,PASS,PASS,PASS,PASS,PASS,PASS,PASS,PASS,PASS,PASS,PASS,PASS,
jangan-toilet.html,장안구,변기막힘,PASS,PASS,PASS,PASS,PASS,PASS,PASS,PASS,PASS,PASS,PASS,PASS,
jinhae-drain.html,진해구,하수구막힘,PASS,PASS,PASS,PASS,PASS,PASS,PASS,PASS,PASS,PASS,PASS,PASS,
jinhae-sink.html,진해구,싱크대막힘,PASS,PASS,PASS,PASS,PASS,PASS,PASS,PASS,PASS,PASS,PASS,PASS,
jinhae-toilet.html,진해구,변기막힘,PASS,PASS,PASS,PASS,PASS,PASS,PASS,PASS,PASS,PASS,PASS,PASS,
jongno-drain.html,종로구,하수구막힘,PASS,PASS,PASS,PASS,PASS,PASS,PASS,PASS,PASS,PASS,PASS,PASS,
jongno-sink.html,종로구,싱크대막힘,PASS,PASS,PASS,PASS,PASS,PASS,PASS,PASS,PASS,PASS,PASS,PASS,
jongno-toilet.html,종로구,변기막힘,PASS,PASS,PASS,PASS,PASS,PASS,PASS,PASS,PASS,PASS,PASS,PASS,
jungnang-drain.html,중랑구,하수구막힘,PASS,PASS,PASS,PASS,PASS,PASS,PASS,PASS,PASS,PASS,PASS,PASS,
jungnang-sink.html,중랑구,싱크대막힘,PASS,PASS,PASS,PASS,PASS,PASS,PASS,PASS,PASS,PASS,PASS,PASS,
jungnang-toilet.html,중랑구,변기막힘,PASS,PASS,PASS,PASS,PASS,PASS,PASS,PASS,PASS,PASS,PASS,PASS,
jungwon-drain.html,중원구,하수구막힘,PASS,PASS,PASS,PASS,PASS,PASS,PASS,PASS,PASS,PASS,PASS,PASS,
jungwon-sink.html,중원구,싱크대막힘,PASS,PASS,PASS,PASS,PASS,PASS,PASS,PASS,PASS,PASS,PASS,PASS,
jungwon-toilet.html,중원구,변기막힘,PASS,PASS,PASS,PASS,PASS,PASS,PASS,PASS,PASS,PASS,PASS,PASS,
manan-drain.html,만안구,하수구막힘,PASS,PASS,PASS,PASS,PASS,PASS,PASS,PASS,PASS,PASS,PASS,PASS,
manan-sink.html,만안구,싱크대막힘,PASS,PASS,PASS,PASS,PASS,PASS,PASS,PASS,PASS,PASS,PASS,PASS,
manan-toilet.html,만안구,변기막힘,PASS,PASS,PASS,PASS,PASS,PASS,PASS,PASS,PASS,PASS,PASS,PASS,
mapo-drain.html,마포구,하수구막힘,PASS,PASS,PASS,PASS,PASS,PASS,PASS,PASS,PASS,PASS,PASS,PASS,
mapo-sink.html,마포구,싱크대막힘,PASS,PASS,PASS,PASS,PASS,PASS,PASS,PASS,PASS,PASS,PASS,PASS,
mapo-toilet.html,마포구,변기막힘,PASS,PASS,PASS,PASS,PASS,PASS,PASS,PASS,PASS,PASS,PASS,PASS,
masan-drain.html,마산,하수구막힘,PASS,PASS,PASS,PASS,PASS,PASS,PASS,PASS,PASS,PASS,PASS,PASS,
masan-sink.html,마산,싱크대막힘,PASS,PASS,PASS,PASS,PASS,PASS,PASS,PASS,PASS,PASS,PASS,PASS,
masan-toilet.html,마산,변기막힘,PASS,PASS,PASS,PASS,PASS,PASS,PASS,PASS,PASS,PASS,PASS,PASS,
michuhol-drain.html,미추홀구,하수구막힘,PASS,PASS,PASS,PASS,PASS,PASS,PASS,PASS,PASS,PASS,PASS,PASS,
michuhol-sink.html,미추홀구,싱크대막힘,PASS,PASS,PASS,PASS,PASS,PASS,PASS,PASS,PASS,PASS,PASS,PASS,
michuhol-toilet.html,미추홀구,변기막힘,PASS,PASS,PASS,PASS,PASS,PASS,PASS,PASS,PASS,PASS,PASS,PASS,
nowon-drain.html,노원구,하수구막힘,PASS,PASS,PASS,PASS,PASS,PASS,PASS,PASS,PASS,PASS,PASS,PASS,
nowon-sink.html,노원구,싱크대막힘,PASS,PASS,PASS,PASS,PASS,PASS,PASS,PASS,PASS,PASS,PASS,PASS,
nowon-toilet.html,노원구,변기막힘,PASS,PASS,PASS,PASS,PASS,PASS,PASS,PASS,PASS,PASS,PASS,PASS,
ojeong-drain.html,오정구,하수구막힘,PASS,PASS,PASS,PASS,PASS,PASS,PASS,PASS,PASS,PASS,PASS,PASS,
ojeong-sink.html,오정구,싱크대막힘,PASS,PASS,PASS,PASS,PASS,PASS,PASS,PASS,PASS,PASS,PASS,PASS,
ojeong-toilet.html,오정구,변기막힘,PASS,PASS,PASS,PASS,PASS,PASS,PASS,PASS,PASS,PASS,PASS,PASS,
paldal-drain.html,팔달구,하수구막힘,PASS,PASS,PASS,PASS,PASS,PASS,PASS,PASS,PASS,PASS,PASS,PASS,
paldal-sink.html,팔달구,싱크대막힘,PASS,PASS,PASS,PASS,PASS,PASS,PASS,PASS,PASS,PASS,PASS,PASS,
paldal-toilet.html,팔달구,변기막힘,PASS,PASS,PASS,PASS,PASS,PASS,PASS,PASS,PASS,PASS,PASS,PASS,
pocheon-drain.html,포천,하수구막힘,PASS,PASS,PASS,PASS,PASS,PASS,PASS,PASS,PASS,PASS,PASS,PASS,
pocheon-sink.html,포천,싱크대막힘,PASS,PASS,PASS,PASS,PASS,PASS,PASS,PASS,PASS,PASS,PASS,PASS,
pocheon-toilet.html,포천,변기막힘,PASS,PASS,PASS,PASS,PASS,PASS,PASS,PASS,PASS,PASS,PASS,PASS,
saha-drain.html,사하구,하수구막힘,PASS,PASS,PASS,PASS,PASS,PASS,PASS,PASS,PASS,PASS,PASS,PASS,
saha-sink.html,사하구,싱크대막힘,PASS,PASS,PASS,PASS,PASS,PASS,PASS,PASS,PASS,PASS,PASS,PASS,
saha-toilet.html,사하구,변기막힘,PASS,PASS,PASS,PASS,PASS,PASS,PASS,PASS,PASS,PASS,PASS,PASS,
sangdang-drain.html,상당구,하수구막힘,PASS,PASS,PASS,PASS,PASS,PASS,PASS,PASS,PASS,PASS,PASS,PASS,
sangdang-sink.html,상당구,싱크대막힘,PASS,PASS,PASS,PASS,PASS,PASS,PASS,PASS,PASS,PASS,PASS,PASS,
sangdang-toilet.html,상당구,변기막힘,PASS,PASS,PASS,PASS,PASS,PASS,PASS,PASS,PASS,PASS,PASS,PASS,
sangnok-drain.html,상록구,하수구막힘,PASS,PASS,PASS,PASS,PASS,PASS,PASS,PASS,PASS,PASS,PASS,PASS,
sangnok-sink.html,상록구,싱크대막힘,PASS,PASS,PASS,PASS,PASS,PASS,PASS,PASS,PASS,PASS,PASS,PASS,
sangnok-toilet.html,상록구,변기막힘,PASS,PASS,PASS,PASS,PASS,PASS,PASS,PASS,PASS,PASS,PASS,PASS,
sasang-drain.html,사상구,하수구막힘,PASS,PASS,PASS,PASS,PASS,PASS,PASS,PASS,PASS,PASS,PASS,PASS,
sasang-sink.html,사상구,싱크대막힘,PASS,PASS,PASS,PASS,PASS,PASS,PASS,PASS,PASS,PASS,PASS,PASS,
sasang-toilet.html,사상구,변기막힘,PASS,PASS,PASS,PASS,PASS,PASS,PASS,PASS,PASS,PASS,PASS,PASS,
seobuk-drain.html,서북구,하수구막힘,PASS,PASS,PASS,PASS,PASS,PASS,PASS,PASS,PASS,PASS,PASS,PASS,
seobuk-sink.html,서북구,싱크대막힘,PASS,PASS,PASS,PASS,PASS,PASS,PASS,PASS,PASS,PASS,PASS,PASS,
seobuk-toilet.html,서북구,변기막힘,PASS,PASS,PASS,PASS,PASS,PASS,PASS,PASS,PASS,PASS,PASS,PASS,
seocho-drain.html,서초구,하수구막힘,PASS,PASS,PASS,PASS,PASS,PASS,PASS,PASS,PASS,PASS,PASS,PASS,
seocho-sink.html,서초구,싱크대막힘,PASS,PASS,PASS,PASS,PASS,PASS,PASS,PASS,PASS,PASS,PASS,PASS,
seocho-toilet.html,서초구,변기막힘,PASS,PASS,PASS,PASS,PASS,PASS,PASS,PASS,PASS,PASS,PASS,PASS,
seodaemun-drain.html,서대문구,하수구막힘,PASS,PASS,PASS,PASS,PASS,PASS,PASS,PASS,PASS,PASS,PASS,PASS,
seodaemun-sink.html,서대문구,싱크대막힘,PASS,PASS,PASS,PASS,PASS,PASS,PASS,PASS,PASS,PASS,PASS,PASS,
seodaemun-toilet.html,서대문구,변기막힘,PASS,PASS,PASS,PASS,PASS,PASS,PASS,PASS,PASS,PASS,PASS,PASS,
seongbuk-drain.html,성북구,하수구막힘,PASS,PASS,PASS,PASS,PASS,PASS,PASS,PASS,PASS,PASS,PASS,PASS,
seongbuk-sink.html,성북구,싱크대막힘,PASS,PASS,PASS,PASS,PASS,PASS,PASS,PASS,PASS,PASS,PASS,PASS,
seongbuk-toilet.html,성북구,변기막힘,PASS,PASS,PASS,PASS,PASS,PASS,PASS,PASS,PASS,PASS,PASS,PASS,
seongdong-drain.html,성동구,하수구막힘,PASS,PASS,PASS,PASS,PASS,PASS,PASS,PASS,PASS,PASS,PASS,PASS,
seongdong-sink.html,성동구,싱크대막힘,PASS,PASS,PASS,PASS,PASS,PASS,PASS,PASS,PASS,PASS,PASS,PASS,
seongdong-toilet.html,성동구,변기막힘,PASS,PASS,PASS,PASS,PASS,PASS,PASS,PASS,PASS,PASS,PASS,PASS,
seongsan-drain.html,성산구,하수구막힘,PASS,PASS,PASS,PASS,PASS,PASS,PASS,PASS,PASS,PASS,PASS,PASS,
seongsan-sink.html,성산구,싱크대막힘,PASS,PASS,PASS,PASS,PASS,PASS,PASS,PASS,PASS,PASS,PASS,PASS,
seongsan-toilet.html,성산구,변기막힘,PASS,PASS,PASS,PASS,PASS,PASS,PASS,PASS,PASS,PASS,PASS,PASS,
seowon-drain.html,서원구,하수구막힘,PASS,PASS,PASS,PASS,PASS,PASS,PASS,PASS,PASS,PASS,PASS,PASS,
seowon-sink.html,서원구,싱크대막힘,PASS,PASS,PASS,PASS,PASS,PASS,PASS,PASS,PASS,PASS,PASS,PASS,
seowon-toilet.html,서원구,변기막힘,PASS,PASS,PASS,PASS,PASS,PASS,PASS,PASS,PASS,PASS,PASS,PASS,
songpa-drain.html,송파구,하수구막힘,PASS,PASS,PASS,PASS,PASS,PASS,PASS,PASS,PASS,PASS,PASS,PASS,
songpa-sink.html,송파구,싱크대막힘,PASS,PASS,PASS,PASS,PASS,PASS,PASS,PASS,PASS,PASS,PASS,PASS,
songpa-toilet.html,송파구,변기막힘,PASS,PASS,PASS,PASS,PASS,PASS,PASS,PASS,PASS,PASS,PASS,PASS,
sujeong-drain.html,수정구,하수구막힘,PASS,PASS,PASS,PASS,PASS,PASS,PASS,PASS,PASS,PASS,PASS,PASS,
sujeong-sink.html,수정구,싱크대막힘,PASS,PASS,PASS,PASS,PASS,PASS,PASS,PASS,PASS,PASS,PASS,PASS,
sujeong-toilet.html,수정구,변기막힘,PASS,PASS,PASS,PASS,PASS,PASS,PASS,PASS,PASS,PASS,PASS,PASS,
suji-drain.html,수지구,하수구막힘,PASS,PASS,PASS,PASS,PASS,PASS,PASS,PASS,PASS,PASS,PASS,PASS,
suji-sink.html,수지구,싱크대막힘,PASS,PASS,PASS,PASS,PASS,PASS,PASS,PASS,PASS,PASS,PASS,PASS,
suji-toilet.html,수지구,변기막힘,PASS,PASS,PASS,PASS,PASS,PASS,PASS,PASS,PASS,PASS,PASS,PASS,
uichang-drain.html,의창구,하수구막힘,PASS,PASS,PASS,PASS,PASS,PASS,PASS,PASS,PASS,PASS,PASS,PASS,
uichang-sink.html,의창구,싱크대막힘,PASS,PASS,PASS,PASS,PASS,PASS,PASS,PASS,PASS,PASS,PASS,PASS,
uichang-toilet.html,의창구,변기막힘,PASS,PASS,PASS,PASS,PASS,PASS,PASS,PASS,PASS,PASS,PASS,PASS,
wansan-drain.html,완산구,하수구막힘,PASS,PASS,PASS,PASS,PASS,PASS,PASS,PASS,PASS,PASS,PASS,PASS,
wansan-sink.html,완산구,싱크대막힘,PASS,PASS,PASS,PASS,PASS,PASS,PASS,PASS,PASS,PASS,PASS,PASS,
wansan-toilet.html,완산구,변기막힘,PASS,PASS,PASS,PASS,PASS,PASS,PASS,PASS,PASS,PASS,PASS,PASS,
yangcheon-drain.html,양천구,하수구막힘,PASS,PASS,PASS,PASS,PASS,PASS,PASS,PASS,PASS,PASS,PASS,PASS,
yangcheon-sink.html,양천구,싱크대막힘,PASS,PASS,PASS,PASS,PASS,PASS,PASS,PASS,PASS,PASS,PASS,PASS,
yangcheon-toilet.html,양천구,변기막힘,PASS,PASS,PASS,PASS,PASS,PASS,PASS,PASS,PASS,PASS,PASS,PASS,
yangju-drain.html,양주,하수구막힘,PASS,PASS,PASS,PASS,PASS,PASS,PASS,PASS,PASS,PASS,PASS,PASS,
yangju-sink.html,양주,싱크대막힘,PASS,PASS,PASS,PASS,PASS,PASS,PASS,PASS,PASS,PASS,PASS,PASS,
yangju-toilet.html,양주,변기막힘,PASS,PASS,PASS,PASS,PASS,PASS,PASS,PASS,PASS,PASS,PASS,PASS,
yeongdeungpo-drain.html,영등포구,하수구막힘,PASS,PASS,PASS,PASS,PASS,PASS,PASS,PASS,PASS,PASS,PASS,PASS,
yeongdeungpo-sink.html,영등포구,싱크대막힘,PASS,PASS,PASS,PASS,PASS,PASS,PASS,PASS,PASS,PASS,PASS,PASS,
yeongdeungpo-toilet.html,영등포구,변기막힘,PASS,PASS,PASS,PASS,PASS,PASS,PASS,PASS,PASS,PASS,PASS,PASS,
yeongdo-drain.html,영도구,하수구막힘,PASS,PASS,PASS,PASS,PASS,PASS,PASS,PASS,PASS,PASS,PASS,PASS,
yeongdo-sink.html,영도구,싱크대막힘,PASS,PASS,PASS,PASS,PASS,PASS,PASS,PASS,PASS,PASS,PASS,PASS,
yeongdo-toilet.html,영도구,변기막힘,PASS,PASS,PASS,PASS,PASS,PASS,PASS,PASS,PASS,PASS,PASS,PASS,
yeongtong-drain.html,영통구,하수구막힘,PASS,PASS,PASS,PASS,PASS,PASS,PASS,PASS,PASS,PASS,PASS,PASS,
yeongtong-sink.html,영통구,싱크대막힘,PASS,PASS,PASS,PASS,PASS,PASS,PASS,PASS,PASS,PASS,PASS,PASS,
yeongtong-toilet.html,영통구,변기막힘,PASS,PASS,PASS,PASS,PASS,PASS,PASS,PASS,PASS,PASS,PASS,PASS,
yeonje-drain.html,연제구,하수구막힘,PASS,PASS,PASS,PASS,PASS,PASS,PASS,PASS,PASS,PASS,PASS,PASS,
yeonje-sink.html,연제구,싱크대막힘,PASS,PASS,PASS,PASS,PASS,PASS,PASS,PASS,PASS,PASS,PASS,PASS,
yeonje-toilet.html,연제구,변기막힘,PASS,PASS,PASS,PASS,PASS,PASS,PASS,PASS,PASS,PASS,PASS,PASS,
yeonsu-drain.html,연수구,하수구막힘,PASS,PASS,PASS,PASS,PASS,PASS,PASS,PASS,PASS,PASS,PASS,PASS,
yeonsu-sink.html,연수구,싱크대막힘,PASS,PASS,PASS,PASS,PASS,PASS,PASS,PASS,PASS,PASS,PASS,PASS,
yeonsu-toilet.html,연수구,변기막힘,PASS,PASS,PASS,PASS,PASS,PASS,PASS,PASS,PASS,PASS,PASS,PASS,
yongin-drain.html,용인,하수구막힘,PASS,PASS,PASS,PASS,PASS,PASS,PASS,PASS,PASS,PASS,PASS,PASS,
yongin-sink.html,용인,싱크대막힘,PASS,PASS,PASS,PASS,PASS,PASS,PASS,PASS,PASS,PASS,PASS,PASS,
yongin-toilet.html,용인,변기막힘,PASS,PASS,PASS,PASS,PASS,PASS,PASS,PASS,PASS,PASS,PASS,PASS,
yongsan-drain.html,용산구,하수구막힘,PASS,PASS,PASS,PASS,PASS,PASS,PASS,PASS,PASS,PASS,PASS,PASS,
yongsan-sink.html,용산구,싱크대막힘,PASS,PASS,PASS,PASS,PASS,PASS,PASS,PASS,PASS,PASS,PASS,PASS,
yongsan-toilet.html,용산구,변기막힘,PASS,PASS,PASS,PASS,PASS,PASS,PASS,PASS,PASS,PASS,PASS,PASS,
yuseong-drain.html,유성구,하수구막힘,PASS,PASS,PASS,PASS,PASS,PASS,PASS,PASS,PASS,PASS,PASS,PASS,
yuseong-sink.html,유성구,싱크대막힘,PASS,PASS,PASS,PASS,PASS,PASS,PASS,PASS,PASS,PASS,PASS,PASS,
yuseong-toilet.html,유성구,변기막힘,PASS,PASS,PASS,PASS,PASS,PASS,PASS,PASS,PASS,PASS,PASS,PASS,
